variant,revision,workload,seed,entries,allocated_handles,writers,repeat,seconds,ops,p50_ns,p95_ns,p99_ns,peak_rss_bytes,arena_bytes,bytes_per_handle,result_hash,errors,active_scan_ns,frozen_first_scan_ns,frozen_ready_scan_ns,phase,elapsed_ns,index_insert_ns,allocate_and_insert_ns,active_scan_ns_phase,freeze_prepare_ns,first_frozen_scan_ns,ready_frozen_scan_ns
nibble,nibble,random,20260920,131072,131072,8,1,0.0350017,131072,NA,NA,NA,24756224,17450408,133,454339457082336225,0,22066041,28464334,29054833,memtable,35001667,35001667,35001667,22066041,7572958,28464334,29054833
skiplist,skiplist,random,20260920,131072,131072,8,1,0.0415334,131072,NA,NA,NA,15155200,8174552,62,454339457082336225,0,18805042,15900667,9925750,memtable,41533375,41533375,41533375,18805042,42,15900667,9925750
baseline,baseline,random,20260920,131072,131072,8,1,0.022409,131072,NA,NA,NA,26279936,18992440,144,454339457082336225,0,21755791,27551875,17484167,memtable,22409042,22409042,22409042,21755791,3831292,27551875,17484167
isolation,isolation,random,20260920,131072,131072,8,1,0.0268421,131072,NA,NA,NA,28901376,21074768,160,454339457082336225,0,19245625,25661417,22519583,memtable,26842083,26842083,26842083,19245625,4729167,25661417,22519583
final,final,random,20260920,131072,131072,8,1,0.0246666,131072,NA,NA,NA,28786688,21055168,160,454339457082336225,0,21103375,24373333,25108500,memtable,24666584,24666584,24666584,21103375,5842667,24373333,25108500
final,final,random,20260920,131072,131072,8,2,0.038005,131072,NA,NA,NA,28606464,21060448,160,454339457082336225,0,16374542,29524958,23322000,memtable,38005041,38005041,38005041,16374542,3658834,29524958,23322000
isolation,isolation,random,20260920,131072,131072,8,2,0.027196,131072,NA,NA,NA,29245440,21231680,161,454339457082336225,0,15418042,33117375,21135791,memtable,27196042,27196042,27196042,15418042,5372875,33117375,21135791
baseline,baseline,random,20260920,131072,131072,8,2,0.0236092,131072,NA,NA,NA,26247168,19004152,144,454339457082336225,0,21345625,29768333,20596083,memtable,23609209,23609209,23609209,21345625,3923791,29768333,20596083
skiplist,skiplist,random,20260920,131072,131072,8,2,0.0327565,131072,NA,NA,NA,15253504,8134328,62,454339457082336225,0,12742792,14971667,15530375,memtable,32756541,32756541,32756541,12742792,0,14971667,15530375
nibble,nibble,random,20260920,131072,131072,8,2,0.0214584,131072,NA,NA,NA,24821760,17455872,133,454339457082336225,0,22981500,30820000,25239250,memtable,21458417,21458417,21458417,22981500,5755083,30820000,25239250
nibble,nibble,random,20260920,131072,131072,8,3,0.0294477,131072,NA,NA,NA,24756224,17440808,133,454339457082336225,0,24602084,27313583,23303750,memtable,29447666,29447666,29447666,24602084,5480125,27313583,23303750
skiplist,skiplist,random,20260920,131072,131072,8,3,0.0384678,131072,NA,NA,NA,15286272,8138632,62,454339457082336225,0,8023000,12235375,18047458,memtable,38467750,38467750,38467750,8023000,42,12235375,18047458
baseline,baseline,random,20260920,131072,131072,8,3,0.0252528,131072,NA,NA,NA,26247168,19018688,145,454339457082336225,0,23475625,27578458,23650792,memtable,25252792,25252792,25252792,23475625,3065333,27578458,23650792
isolation,isolation,random,20260920,131072,131072,8,3,0.0246762,131072,NA,NA,NA,29081600,21167216,161,454339457082336225,0,18093250,29448459,18660000,memtable,24676166,24676166,24676166,18093250,3741000,29448459,18660000
final,final,random,20260920,131072,131072,8,3,0.0283434,131072,NA,NA,NA,28835840,21068176,160,454339457082336225,0,22024458,25090250,22766042,memtable,28343375,28343375,28343375,22024458,3000417,25090250,22766042
final,final,random,20260920,131072,131072,8,4,0.0285541,131072,NA,NA,NA,28999680,21047768,160,454339457082336225,0,22232750,27252458,17226917,memtable,28554125,28554125,28554125,22232750,3197209,27252458,17226917
isolation,isolation,random,20260920,131072,131072,8,4,0.0246456,131072,NA,NA,NA,28884992,21067680,160,454339457082336225,0,18924292,31632875,21657916,memtable,24645625,24645625,24645625,18924292,5273584,31632875,21657916
baseline,baseline,random,20260920,131072,131072,8,4,0.0267198,131072,NA,NA,NA,26312704,19019816,145,454339457082336225,0,20947917,24377708,23460708,memtable,26719750,26719750,26719750,20947917,2601375,24377708,23460708
skiplist,skiplist,random,20260920,131072,131072,8,4,0.025759,131072,NA,NA,NA,15384576,8165280,62,454339457082336225,0,18738792,13412750,17831542,memtable,25758958,25758958,25758958,18738792,42,13412750,17831542
nibble,nibble,random,20260920,131072,131072,8,4,0.0311131,131072,NA,NA,NA,24723456,17465720,133,454339457082336225,0,29524667,30625750,27904833,memtable,31113125,31113125,31113125,29524667,7442667,30625750,27904833
nibble,nibble,random,20260920,131072,131072,8,5,0.0392878,131072,NA,NA,NA,24821760,17461056,133,454339457082336225,0,19257541,28198875,20737667,memtable,39287792,39287792,39287792,19257541,4867208,28198875,20737667
skiplist,skiplist,random,20260920,131072,131072,8,5,0.0339617,131072,NA,NA,NA,15433728,8167384,62,454339457082336225,0,14628375,15922209,10820583,memtable,33961750,33961750,33961750,14628375,0,15922209,10820583
baseline,baseline,random,20260920,131072,131072,8,5,0.024711,131072,NA,NA,NA,26329088,19024016,145,454339457082336225,0,21905667,25692667,22305916,memtable,24711041,24711041,24711041,21905667,4386666,25692667,22305916
isolation,isolation,random,20260920,131072,131072,8,5,0.0297772,131072,NA,NA,NA,28999680,21103048,161,454339457082336225,0,19580125,26683917,22934125,memtable,29777166,29777166,29777166,19580125,5567708,26683917,22934125
final,final,random,20260920,131072,131072,8,5,0.0245159,131072,NA,NA,NA,28786688,21053424,160,454339457082336225,0,20931167,22901875,20231250,memtable,24515917,24515917,24515917,20931167,3235708,22901875,20231250
final,final,random,20260921,131072,131072,8,1,0.0265041,131072,NA,NA,NA,28966912,21053504,160,454339457082336225,0,19170917,30927375,22361458,memtable,26504125,26504125,26504125,19170917,6048334,30927375,22361458
isolation,isolation,random,20260921,131072,131072,8,1,0.0208501,131072,NA,NA,NA,29163520,21174136,161,454339457082336225,0,18075292,22674667,25657500,memtable,20850083,20850083,20850083,18075292,3357833,22674667,25657500
baseline,baseline,random,20260921,131072,131072,8,1,0.0167312,131072,NA,NA,NA,26279936,19019288,145,454339457082336225,0,23531167,26496166,22566584,memtable,16731167,16731167,16731167,23531167,5028500,26496166,22566584
skiplist,skiplist,random,20260921,131072,131072,8,1,0.0327776,131072,NA,NA,NA,15253504,8175160,62,454339457082336225,0,14363083,16514625,12991333,memtable,32777584,32777584,32777584,14363083,42,16514625,12991333
nibble,nibble,random,20260921,131072,131072,8,1,0.0303933,131072,NA,NA,NA,24723456,17461200,133,454339457082336225,0,20286958,31392000,19379417,memtable,30393250,30393250,30393250,20286958,7178208,31392000,19379417
nibble,nibble,random,20260921,131072,131072,8,2,0.0291455,131072,NA,NA,NA,24805376,17455512,133,454339457082336225,0,23010250,29942333,21478000,memtable,29145542,29145542,29145542,23010250,6461875,29942333,21478000
skiplist,skiplist,random,20260921,131072,131072,8,2,0.0225412,131072,NA,NA,NA,15450112,8177056,62,454339457082336225,0,14512875,9119542,14850042,memtable,22541208,22541208,22541208,14512875,0,9119542,14850042
baseline,baseline,random,20260921,131072,131072,8,2,0.0192434,131072,NA,NA,NA,26296320,19009368,145,454339457082336225,0,19782291,25993750,24820209,memtable,19243375,19243375,19243375,19782291,5853917,25993750,24820209
isolation,isolation,random,20260921,131072,131072,8,2,0.0290898,131072,NA,NA,NA,29065216,21162656,161,454339457082336225,0,20252750,26951917,22735291,memtable,29089833,29089833,29089833,20252750,6247333,26951917,22735291
final,final,random,20260921,131072,131072,8,2,0.0288199,131072,NA,NA,NA,28966912,21025672,160,454339457082336225,0,18492333,26475917,21975250,memtable,28819875,28819875,28819875,18492333,4925542,26475917,21975250
final,final,random,20260921,131072,131072,8,3,0.0251498,131072,NA,NA,NA,28884992,21072848,160,454339457082336225,0,17928292,28699083,22938000,memtable,25149833,25149833,25149833,17928292,4093708,28699083,22938000
isolation,isolation,random,20260921,131072,131072,8,3,0.0246969,131072,NA,NA,NA,29212672,21232328,161,454339457082336225,0,19323834,25945000,22143791,memtable,24696916,24696916,24696916,19323834,4059000,25945000,22143791
baseline,baseline,random,20260921,131072,131072,8,3,0.0213493,131072,NA,NA,NA,26345472,19024024,145,454339457082336225,0,21103500,28577083,20905542,memtable,21349292,21349292,21349292,21103500,5149500,28577083,20905542
skiplist,skiplist,random,20260921,131072,131072,8,3,0.0283535,131072,NA,NA,NA,15466496,8156456,62,454339457082336225,0,13161667,12054583,14496125,memtable,28353541,28353541,28353541,13161667,42,12054583,14496125
nibble,nibble,random,20260921,131072,131072,8,3,0.0183817,131072,NA,NA,NA,24756224,17456080,133,454339457082336225,0,20309416,23905125,19405459,memtable,18381750,18381750,18381750,20309416,8074333,23905125,19405459
nibble,nibble,random,20260921,131072,131072,8,4,0.022184,131072,NA,NA,NA,24805376,17446528,133,454339457082336225,0,19555583,32040833,24001125,memtable,22184000,22184000,22184000,19555583,7422833,32040833,24001125
skiplist,skiplist,random,20260921,131072,131072,8,4,0.0308688,131072,NA,NA,NA,15253504,8174512,62,454339457082336225,0,10129584,16743291,15110959,memtable,30868750,30868750,30868750,10129584,41,16743291,15110959
baseline,baseline,random,20260921,131072,131072,8,4,0.0171278,131072,NA,NA,NA,26230784,19005576,145,454339457082336225,0,20869708,30963792,21120042,memtable,17127792,17127792,17127792,20869708,4498833,30963792,21120042
isolation,isolation,random,20260921,131072,131072,8,4,0.0267861,131072,NA,NA,NA,28950528,21133232,161,454339457082336225,0,21039875,23352333,23812625,memtable,26786125,26786125,26786125,21039875,5618208,23352333,23812625
final,final,random,20260921,131072,131072,8,4,0.0279556,131072,NA,NA,NA,28868608,21064376,160,454339457082336225,0,21930875,19341916,19493750,memtable,27955584,27955584,27955584,21930875,4811958,19341916,19493750
final,final,random,20260921,131072,131072,8,5,0.0249294,131072,NA,NA,NA,28884992,21050808,160,454339457082336225,0,18696875,29202042,17356083,memtable,24929416,24929416,24929416,18696875,6274958,29202042,17356083
isolation,isolation,random,20260921,131072,131072,8,5,0.0261926,131072,NA,NA,NA,29065216,21121936,161,454339457082336225,0,20932500,24357750,24031083,memtable,26192625,26192625,26192625,20932500,4486875,24357750,24031083
baseline,baseline,random,20260921,131072,131072,8,5,0.0233935,131072,NA,NA,NA,26345472,19031248,145,454339457082336225,0,18525750,28395959,24531208,memtable,23393500,23393500,23393500,18525750,4445667,28395959,24531208
skiplist,skiplist,random,20260921,131072,131072,8,5,0.0316498,131072,NA,NA,NA,15433728,8174040,62,454339457082336225,0,13965792,15582083,13505583,memtable,31649833,31649833,31649833,13965792,42,15582083,13505583
nibble,nibble,random,20260921,131072,131072,8,5,0.0291464,131072,NA,NA,NA,24723456,17457744,133,454339457082336225,0,18703916,29633375,25790125,memtable,29146375,29146375,29146375,18703916,7567125,29633375,25790125
nibble,nibble,random,20260922,131072,131072,8,1,0.0262554,131072,NA,NA,NA,24739840,17457384,133,454339457082336225,0,25103666,27966209,24387833,memtable,26255375,26255375,26255375,25103666,4631833,27966209,24387833
skiplist,skiplist,random,20260922,131072,131072,8,1,0.02312,131072,NA,NA,NA,15351808,8178480,62,454339457082336225,0,12736083,10551458,17176750,memtable,23119959,23119959,23119959,12736083,0,10551458,17176750
baseline,baseline,random,20260922,131072,131072,8,1,0.0246985,131072,NA,NA,NA,26312704,18973992,144,454339457082336225,0,20249167,25834292,22225208,memtable,24698500,24698500,24698500,20249167,5719833,25834292,22225208
isolation,isolation,random,20260922,131072,131072,8,1,0.0251608,131072,NA,NA,NA,29130752,21113712,161,454339457082336225,0,19990250,29009000,17928375,memtable,25160792,25160792,25160792,19990250,3581084,29009000,17928375
final,final,random,20260922,131072,131072,8,1,0.0230072,131072,NA,NA,NA,28835840,21064272,160,454339457082336225,0,16520375,27157542,24898708,memtable,23007208,23007208,23007208,16520375,6032583,27157542,24898708
final,final,random,20260922,131072,131072,8,2,0.0254938,131072,NA,NA,NA,28819456,21047600,160,454339457082336225,0,15593375,24847292,23507833,memtable,25493792,25493792,25493792,15593375,5040417,24847292,23507833
isolation,isolation,random,20260922,131072,131072,8,2,0.0255705,131072,NA,NA,NA,29163520,21168536,161,454339457082336225,0,21576500,25970417,23380250,memtable,25570541,25570541,25570541,21576500,5102833,25970417,23380250
baseline,baseline,random,20260922,131072,131072,8,2,0.0245828,131072,NA,NA,NA,26345472,19029888,145,454339457082336225,0,19700417,24788708,21084625,memtable,24582750,24582750,24582750,19700417,2811708,24788708,21084625
skiplist,skiplist,random,20260922,131072,131072,8,2,0.0243552,131072,NA,NA,NA,15417344,8169040,62,454339457082336225,0,16391625,14079417,12774416,memtable,24355167,24355167,24355167,16391625,42,14079417,12774416
nibble,nibble,random,20260922,131072,131072,8,2,0.0276767,131072,NA,NA,NA,24772608,17457256,133,454339457082336225,0,18710125,30278250,24172125,memtable,27676666,27676666,27676666,18710125,7838542,30278250,24172125
nibble,nibble,random,20260922,131072,131072,8,3,0.0219695,131072,NA,NA,NA,24739840,17460432,133,454339457082336225,0,23374958,29433833,22990292,memtable,21969500,21969500,21969500,23374958,5565333,29433833,22990292
skiplist,skiplist,random,20260922,131072,131072,8,3,0.0273317,131072,NA,NA,NA,15433728,8173408,62,454339457082336225,0,10532291,8602625,17559834,memtable,27331709,27331709,27331709,10532291,42,8602625,17559834
baseline,baseline,random,20260922,131072,131072,8,3,0.0273579,131072,NA,NA,NA,26329088,19027128,145,454339457082336225,0,22967208,25491125,22226417,memtable,27357875,27357875,27357875,22967208,4611500,25491125,22226417
isolation,isolation,random,20260922,131072,131072,8,3,0.0255077,131072,NA,NA,NA,29097984,21151600,161,454339457082336225,0,18727166,26512375,22268125,memtable,25507750,25507750,25507750,18727166,2948417,26512375,22268125
final,final,random,20260922,131072,131072,8,3,0.0220469,131072,NA,NA,NA,28721152,21071656,160,454339457082336225,0,20834625,28820292,21771625,memtable,22046875,22046875,22046875,20834625,3983833,28820292,21771625
final,final,random,20260922,131072,131072,8,4,0.0258093,131072,NA,NA,NA,28803072,21055752,160,454339457082336225,0,18929958,26383292,23402000,memtable,25809292,25809292,25809292,18929958,5248666,26383292,23402000
isolation,isolation,random,20260922,131072,131072,8,4,0.0330641,131072,NA,NA,NA,28884992,21175608,161,454339457082336225,0,20993584,26769416,22294375,memtable,33064083,33064083,33064083,20993584,2346750,26769416,22294375
baseline,baseline,random,20260922,131072,131072,8,4,0.0189574,131072,NA,NA,NA,26263552,19027912,145,454339457082336225,0,19424625,26200167,23360458,memtable,18957417,18957417,18957417,19424625,5109083,26200167,23360458
skiplist,skiplist,random,20260922,131072,131072,8,4,0.0311361,131072,NA,NA,NA,15417344,8174240,62,454339457082336225,0,10100958,15041833,14524875,memtable,31136125,31136125,31136125,10100958,42,15041833,14524875
nibble,nibble,random,20260922,131072,131072,8,4,0.0204355,131072,NA,NA,NA,24690688,17460552,133,454339457082336225,0,24069583,31058292,23424375,memtable,20435458,20435458,20435458,24069583,7218333,31058292,23424375
nibble,nibble,random,20260922,131072,131072,8,5,0.0297283,131072,NA,NA,NA,24723456,17455960,133,454339457082336225,0,21872667,32042625,23552458,memtable,29728292,29728292,29728292,21872667,6845667,32042625,23552458
skiplist,skiplist,random,20260922,131072,131072,8,5,0.0254897,131072,NA,NA,NA,15417344,8169856,62,454339457082336225,0,16031667,13548750,15569416,memtable,25489667,25489667,25489667,16031667,0,13548750,15569416
baseline,baseline,random,20260922,131072,131072,8,5,0.0263685,131072,NA,NA,NA,26361856,19030680,145,454339457082336225,0,19810541,23565625,22423750,memtable,26368500,26368500,26368500,19810541,5204125,23565625,22423750
isolation,isolation,random,20260922,131072,131072,8,5,0.0271379,131072,NA,NA,NA,29065216,21165704,161,454339457082336225,0,20731292,26043917,20893250,memtable,27137916,27137916,27137916,20731292,2790250,26043917,20893250
final,final,random,20260922,131072,131072,8,5,0.0228992,131072,NA,NA,NA,28819456,21048288,160,454339457082336225,0,19926792,25139042,22438666,memtable,22899250,22899250,22899250,19926792,4151750,25139042,22438666
