implementation,revision,workload,seed,entries,allocated_handles,writers,repeat,seconds,ops,p50_ns,p95_ns,p99_ns,peak_rss_bytes,arena_bytes,bytes_per_handle,result_hash,errors,active_scan_ns,frozen_first_scan_ns,frozen_ready_scan_ns
baseline,a53475284915b997e8c9f696afdae1044a51b1f0,ascending,20260920,1024,1024,1,0,0.000318917,1024,0,0,0,5947392,155246,151,16340194407465152223,0,271333,244625,243000
candidate,candidate-path-once,ascending,20260920,1024,1024,1,0,0.000245125,1024,0,0,0,5914624,150088,146,16340194407465152223,0,54917,56583,49708
baseline,a53475284915b997e8c9f696afdae1044a51b1f0,ascending,20260920,1024,1024,1,0,0.000243542,1024,0,0,0,5947392,155246,151,16340194407465152223,0,239208,226958,221167
candidate,candidate-path-once,ascending,20260920,1024,1024,1,0,0.000235291,1024,0,0,0,5881856,150088,146,16340194407465152223,0,54125,56417,49750
baseline,a53475284915b997e8c9f696afdae1044a51b1f0,ascending,20260920,1024,1024,1,0,0.000319041,1024,0,0,0,5980160,155246,151,16340194407465152223,0,246709,297250,254041
candidate,candidate-path-once,ascending,20260920,1024,1024,1,0,0.000242708,1024,0,0,0,5914624,150088,146,16340194407465152223,0,55334,58541,51459
baseline,a53475284915b997e8c9f696afdae1044a51b1f0,ascending,20260920,1024,1024,1,0,0.000250834,1024,0,0,0,5931008,155246,151,16340194407465152223,0,248750,238000,243333
candidate,candidate-path-once,ascending,20260920,1024,1024,1,0,0.000250917,1024,0,0,0,5865472,150088,146,16340194407465152223,0,57250,59291,52000
baseline,a53475284915b997e8c9f696afdae1044a51b1f0,ascending,20260920,1024,1024,1,0,0.000250334,1024,0,0,0,5947392,155246,151,16340194407465152223,0,250208,230500,221250
candidate,candidate-path-once,ascending,20260920,1024,1024,1,0,0.000233167,1024,0,0,0,5881856,150088,146,16340194407465152223,0,57000,56375,49625
baseline,a53475284915b997e8c9f696afdae1044a51b1f0,ascending,20260920,1024,1024,4,0,0.000264459,1024,0,0,0,6094848,162518,158,16340194407465152223,0,250291,237500,222542
candidate,candidate-path-once,ascending,20260920,1024,1024,4,0,0.0002545,1024,0,0,0,6242304,150088,146,16340194407465152223,0,53291,58292,51417
baseline,a53475284915b997e8c9f696afdae1044a51b1f0,ascending,20260920,1024,1024,4,0,0.000267291,1024,0,0,0,6144000,162496,158,16340194407465152223,0,248709,238208,234500
candidate,candidate-path-once,ascending,20260920,1024,1024,4,0,0.000261,1024,0,0,0,6144000,150088,146,16340194407465152223,0,54625,57875,51500
baseline,a53475284915b997e8c9f696afdae1044a51b1f0,ascending,20260920,1024,1024,4,0,0.000267667,1024,0,0,0,6111232,162542,158,16340194407465152223,0,249333,230708,236709
candidate,candidate-path-once,ascending,20260920,1024,1024,4,0,0.000371875,1024,0,0,0,6045696,150088,146,16340194407465152223,0,54584,58250,51625
baseline,a53475284915b997e8c9f696afdae1044a51b1f0,ascending,20260920,1024,1024,4,0,0.000388542,1024,0,0,0,6012928,162295,158,16340194407465152223,0,248375,243333,240334
candidate,candidate-path-once,ascending,20260920,1024,1024,4,0,0.0002725,1024,0,0,0,6062080,150088,146,16340194407465152223,0,55500,58333,51834
baseline,a53475284915b997e8c9f696afdae1044a51b1f0,ascending,20260920,1024,1024,4,0,0.000596833,1024,0,0,0,6078464,162374,158,16340194407465152223,0,250000,243417,242500
candidate,candidate-path-once,ascending,20260920,1024,1024,4,0,0.000270542,1024,0,0,0,6225920,150088,146,16340194407465152223,0,54375,57792,51416
baseline,a53475284915b997e8c9f696afdae1044a51b1f0,ascending,20260920,1024,1024,8,0,0.000724334,1024,0,0,0,6176768,161696,157,16340194407465152223,0,250000,238208,246833
candidate,candidate-path-once,ascending,20260920,1024,1024,8,0,0.000427042,1024,0,0,0,6127616,150088,146,16340194407465152223,0,54875,60250,51458
baseline,a53475284915b997e8c9f696afdae1044a51b1f0,ascending,20260920,1024,1024,8,0,0.000643208,1024,0,0,0,6225920,162364,158,16340194407465152223,0,250875,242833,234250
candidate,candidate-path-once,ascending,20260920,1024,1024,8,0,0.000406083,1024,0,0,0,6144000,150088,146,16340194407465152223,0,54708,58500,51417
baseline,a53475284915b997e8c9f696afdae1044a51b1f0,ascending,20260920,1024,1024,8,0,0.000766709,1024,0,0,0,6209536,162328,158,16340194407465152223,0,266333,245250,242792
candidate,candidate-path-once,ascending,20260920,1024,1024,8,0,0.000440333,1024,0,0,0,6078464,150088,146,16340194407465152223,0,73042,59833,51583
baseline,a53475284915b997e8c9f696afdae1044a51b1f0,ascending,20260920,1024,1024,8,0,0.000786875,1024,0,0,0,6160384,161540,157,16340194407465152223,0,250833,238709,234666
candidate,candidate-path-once,ascending,20260920,1024,1024,8,0,0.000433333,1024,0,0,0,6160384,150088,146,16340194407465152223,0,54375,59250,51500
baseline,a53475284915b997e8c9f696afdae1044a51b1f0,ascending,20260920,1024,1024,8,0,0.000722708,1024,0,0,0,6144000,161542,157,16340194407465152223,0,250792,243542,236625
candidate,candidate-path-once,ascending,20260920,1024,1024,8,0,0.000430583,1024,0,0,0,6144000,150088,146,16340194407465152223,0,55000,58792,51583
baseline,a53475284915b997e8c9f696afdae1044a51b1f0,random,20260920,1024,1024,1,0,0.000252583,1024,0,0,0,5963776,155257,151,16340194407465152223,0,240917,242583,230167
candidate,candidate-path-once,random,20260920,1024,1024,1,0,0.0002495,1024,0,0,0,5881856,150088,146,16340194407465152223,0,53958,57333,49709
baseline,a53475284915b997e8c9f696afdae1044a51b1f0,random,20260920,1024,1024,1,0,0.00025,1024,0,0,0,5914624,155257,151,16340194407465152223,0,240375,233917,230958
candidate,candidate-path-once,random,20260920,1024,1024,1,0,0.000261417,1024,0,0,0,5865472,150088,146,16340194407465152223,0,58166,58334,49583
baseline,a53475284915b997e8c9f696afdae1044a51b1f0,random,20260920,1024,1024,1,0,0.000276625,1024,0,0,0,5963776,155257,151,16340194407465152223,0,297000,245333,244417
candidate,candidate-path-once,random,20260920,1024,1024,1,0,0.000256458,1024,0,0,0,5881856,150088,146,16340194407465152223,0,58000,58958,51500
baseline,a53475284915b997e8c9f696afdae1044a51b1f0,random,20260920,1024,1024,1,0,0.000257667,1024,0,0,0,5947392,155257,151,16340194407465152223,0,249625,243375,243250
candidate,candidate-path-once,random,20260920,1024,1024,1,0,0.000268708,1024,0,0,0,5898240,150088,146,16340194407465152223,0,57125,58917,51542
baseline,a53475284915b997e8c9f696afdae1044a51b1f0,random,20260920,1024,1024,1,0,0.000268666,1024,0,0,0,5947392,155257,151,16340194407465152223,0,250125,242792,233042
candidate,candidate-path-once,random,20260920,1024,1024,1,0,0.000259583,1024,0,0,0,5914624,150088,146,16340194407465152223,0,61792,59000,51500
baseline,a53475284915b997e8c9f696afdae1044a51b1f0,random,20260920,1024,1024,4,0,0.000287584,1024,0,0,0,6094848,162725,158,16340194407465152223,0,249083,235375,228167
candidate,candidate-path-once,random,20260920,1024,1024,4,0,0.00041625,1024,0,0,0,6012928,150088,146,16340194407465152223,0,55292,58583,51458
baseline,a53475284915b997e8c9f696afdae1044a51b1f0,random,20260920,1024,1024,4,0,0.000559709,1024,0,0,0,6062080,162950,159,16340194407465152223,0,304625,244166,242709
candidate,candidate-path-once,random,20260920,1024,1024,4,0,0.000321792,1024,0,0,0,6127616,150088,146,16340194407465152223,0,56208,58917,51583
baseline,a53475284915b997e8c9f696afdae1044a51b1f0,random,20260920,1024,1024,4,0,0.000273916,1024,0,0,0,6127616,162415,158,16340194407465152223,0,250125,242459,242500
candidate,candidate-path-once,random,20260920,1024,1024,4,0,0.000311958,1024,0,0,0,6144000,150088,146,16340194407465152223,0,55667,58625,82166
baseline,a53475284915b997e8c9f696afdae1044a51b1f0,random,20260920,1024,1024,4,0,0.000436541,1024,0,0,0,6078464,163160,159,16340194407465152223,0,251459,244166,243584
candidate,candidate-path-once,random,20260920,1024,1024,4,0,0.000422666,1024,0,0,0,6078464,150088,146,16340194407465152223,0,54709,58750,51458
baseline,a53475284915b997e8c9f696afdae1044a51b1f0,random,20260920,1024,1024,4,0,0.000311833,1024,0,0,0,6062080,162492,158,16340194407465152223,0,250458,234875,233209
candidate,candidate-path-once,random,20260920,1024,1024,4,0,0.000257625,1024,0,0,0,6111232,150088,146,16340194407465152223,0,55042,58750,51500
baseline,a53475284915b997e8c9f696afdae1044a51b1f0,random,20260920,1024,1024,8,0,0.000748375,1024,0,0,0,6193152,161939,158,16340194407465152223,0,250375,243542,238625
candidate,candidate-path-once,random,20260920,1024,1024,8,0,0.000499333,1024,0,0,0,6176768,150088,146,16340194407465152223,0,55750,59083,51500
baseline,a53475284915b997e8c9f696afdae1044a51b1f0,random,20260920,1024,1024,8,0,0.00075025,1024,0,0,0,6242304,161778,157,16340194407465152223,0,250041,236792,233667
candidate,candidate-path-once,random,20260920,1024,1024,8,0,0.000411125,1024,0,0,0,6045696,150088,146,16340194407465152223,0,54833,59042,51583
baseline,a53475284915b997e8c9f696afdae1044a51b1f0,random,20260920,1024,1024,8,0,0.000765875,1024,0,0,0,6193152,162839,159,16340194407465152223,0,252083,247792,242167
candidate,candidate-path-once,random,20260920,1024,1024,8,0,0.000425083,1024,0,0,0,6127616,150088,146,16340194407465152223,0,55125,59042,51625
baseline,a53475284915b997e8c9f696afdae1044a51b1f0,random,20260920,1024,1024,8,0,0.000722541,1024,0,0,0,6176768,162147,158,16340194407465152223,0,253917,272250,246542
candidate,candidate-path-once,random,20260920,1024,1024,8,0,0.000419084,1024,0,0,0,6029312,150088,146,16340194407465152223,0,55333,58750,51458
baseline,a53475284915b997e8c9f696afdae1044a51b1f0,random,20260920,1024,1024,8,0,0.0008995,1024,0,0,0,6160384,161879,158,16340194407465152223,0,250250,237791,241292
candidate,candidate-path-once,random,20260920,1024,1024,8,0,0.000469542,1024,0,0,0,6209536,150088,146,16340194407465152223,0,57208,58792,51417
baseline,a53475284915b997e8c9f696afdae1044a51b1f0,versions,20260920,1024,1024,1,0,0.000260084,1024,0,0,0,5947392,177049,172,3561195745626025575,0,230583,239458,238209
candidate,candidate-path-once,versions,20260920,1024,1024,1,0,0.000256834,1024,0,0,0,5898240,150088,146,3561195745626025575,0,55875,58791,51584
baseline,a53475284915b997e8c9f696afdae1044a51b1f0,versions,20260920,1024,1024,1,0,0.000258125,1024,0,0,0,5947392,177049,172,3561195745626025575,0,230750,224458,221417
candidate,candidate-path-once,versions,20260920,1024,1024,1,0,0.000243084,1024,0,0,0,5881856,150088,146,3561195745626025575,0,54541,63792,51583
baseline,a53475284915b997e8c9f696afdae1044a51b1f0,versions,20260920,1024,1024,1,0,0.000253416,1024,0,0,0,5963776,177049,172,3561195745626025575,0,231084,226041,228167
candidate,candidate-path-once,versions,20260920,1024,1024,1,0,0.0002575,1024,0,0,0,5881856,150088,146,3561195745626025575,0,56333,58667,51958
baseline,a53475284915b997e8c9f696afdae1044a51b1f0,versions,20260920,1024,1024,1,0,0.000260667,1024,0,0,0,5963776,177049,172,3561195745626025575,0,229000,221458,214875
candidate,candidate-path-once,versions,20260920,1024,1024,1,0,0.000261209,1024,0,0,0,5898240,150088,146,3561195745626025575,0,56583,58708,51625
baseline,a53475284915b997e8c9f696afdae1044a51b1f0,versions,20260920,1024,1024,1,0,0.000271125,1024,0,0,0,5963776,177049,172,3561195745626025575,0,233500,221541,215167
candidate,candidate-path-once,versions,20260920,1024,1024,1,0,0.000265542,1024,0,0,0,5914624,150088,146,3561195745626025575,0,53166,56542,49833
baseline,a53475284915b997e8c9f696afdae1044a51b1f0,versions,20260920,1024,1024,4,0,0.000412875,1024,0,0,0,6094848,187590,183,3561195745626025575,0,239959,231583,226208
candidate,candidate-path-once,versions,20260920,1024,1024,4,0,0.000360959,1024,0,0,0,6045696,150088,146,3561195745626025575,0,55958,58875,51625
baseline,a53475284915b997e8c9f696afdae1044a51b1f0,versions,20260920,1024,1024,4,0,0.000602875,1024,0,0,0,6160384,186741,182,3561195745626025575,0,241333,235584,227416
candidate,candidate-path-once,versions,20260920,1024,1024,4,0,0.0003715,1024,0,0,0,6012928,150088,146,3561195745626025575,0,55875,58875,51500
baseline,a53475284915b997e8c9f696afdae1044a51b1f0,versions,20260920,1024,1024,4,0,0.000270083,1024,0,0,0,6127616,187078,182,3561195745626025575,0,238542,238875,234791
candidate,candidate-path-once,versions,20260920,1024,1024,4,0,0.000279833,1024,0,0,0,6160384,150088,146,3561195745626025575,0,55542,59458,51542
baseline,a53475284915b997e8c9f696afdae1044a51b1f0,versions,20260920,1024,1024,4,0,0.0002865,1024,0,0,0,6144000,187311,182,3561195745626025575,0,238208,224583,214667
candidate,candidate-path-once,versions,20260920,1024,1024,4,0,0.000260125,1024,0,0,0,6160384,150088,146,3561195745626025575,0,60708,58250,54792
baseline,a53475284915b997e8c9f696afdae1044a51b1f0,versions,20260920,1024,1024,4,0,0.000276541,1024,0,0,0,6094848,187311,182,3561195745626025575,0,240292,224250,214542
candidate,candidate-path-once,versions,20260920,1024,1024,4,0,0.000254375,1024,0,0,0,6225920,150088,146,3561195745626025575,0,56292,58750,51625
baseline,a53475284915b997e8c9f696afdae1044a51b1f0,versions,20260920,1024,1024,8,0,0.000897625,1024,0,0,0,6176768,185986,181,3561195745626025575,0,247292,234958,242459
candidate,candidate-path-once,versions,20260920,1024,1024,8,0,0.000315292,1024,0,0,0,6045696,150088,146,3561195745626025575,0,56000,58333,51542
baseline,a53475284915b997e8c9f696afdae1044a51b1f0,versions,20260920,1024,1024,8,0,0.000760166,1024,0,0,0,6225920,185949,181,3561195745626025575,0,239125,240875,236750
candidate,candidate-path-once,versions,20260920,1024,1024,8,0,0.000368,1024,0,0,0,6176768,150088,146,3561195745626025575,0,55959,58916,51667
baseline,a53475284915b997e8c9f696afdae1044a51b1f0,versions,20260920,1024,1024,8,0,0.000685208,1024,0,0,0,6193152,186025,181,3561195745626025575,0,238334,228541,214834
candidate,candidate-path-once,versions,20260920,1024,1024,8,0,0.000479542,1024,0,0,0,6176768,150088,146,3561195745626025575,0,56250,59250,51750
baseline,a53475284915b997e8c9f696afdae1044a51b1f0,versions,20260920,1024,1024,8,0,0.000808416,1024,0,0,0,6225920,186512,182,3561195745626025575,0,237375,223959,217958
candidate,candidate-path-once,versions,20260920,1024,1024,8,0,0.000439375,1024,0,0,0,6094848,150088,146,3561195745626025575,0,56083,58750,51542
baseline,a53475284915b997e8c9f696afdae1044a51b1f0,versions,20260920,1024,1024,8,0,0.000848875,1024,0,0,0,6209536,185851,181,3561195745626025575,0,244000,235458,258250
candidate,candidate-path-once,versions,20260920,1024,1024,8,0,0.000433584,1024,0,0,0,6029312,150088,146,3561195745626025575,0,60041,60167,56042
baseline,a53475284915b997e8c9f696afdae1044a51b1f0,ascending,20260920,16384,16384,1,0,0.00326879,16384,0,0,0,8454144,2479603,151,10391311361299390019,0,5880583,5734000,5507292
candidate,candidate-path-once,ascending,20260920,16384,16384,1,0,0.00326942,16384,0,0,0,8290304,2401384,146,10391311361299390019,0,873791,956000,810875
baseline,a53475284915b997e8c9f696afdae1044a51b1f0,ascending,20260920,16384,16384,1,0,0.00340742,16384,0,0,0,8437760,2479603,151,10391311361299390019,0,5605417,5599583,5702750
candidate,candidate-path-once,ascending,20260920,16384,16384,1,0,0.00340996,16384,0,0,0,8290304,2401384,146,10391311361299390019,0,825459,859833,780542
baseline,a53475284915b997e8c9f696afdae1044a51b1f0,ascending,20260920,16384,16384,1,0,0.00338729,16384,0,0,0,8437760,2479603,151,10391311361299390019,0,5572042,5424167,5788500
candidate,candidate-path-once,ascending,20260920,16384,16384,1,0,0.00341958,16384,0,0,0,8290304,2401384,146,10391311361299390019,0,780375,821709,750625
baseline,a53475284915b997e8c9f696afdae1044a51b1f0,ascending,20260920,16384,16384,1,0,0.00316658,16384,0,0,0,8454144,2479603,151,10391311361299390019,0,5663500,5468083,5565709
candidate,candidate-path-once,ascending,20260920,16384,16384,1,0,0.00329183,16384,0,0,0,8290304,2401384,146,10391311361299390019,0,851208,922584,820916
baseline,a53475284915b997e8c9f696afdae1044a51b1f0,ascending,20260920,16384,16384,1,0,0.00336383,16384,0,0,0,8454144,2479603,151,10391311361299390019,0,5898834,5816916,5473000
candidate,candidate-path-once,ascending,20260920,16384,16384,1,0,0.00337192,16384,0,0,0,8306688,2401384,146,10391311361299390019,0,833334,898916,791667
baseline,a53475284915b997e8c9f696afdae1044a51b1f0,ascending,20260920,16384,16384,4,0,0.00431996,16384,0,0,0,8847360,2597358,158,10391311361299390019,0,6016000,5729958,6358292
candidate,candidate-path-once,ascending,20260920,16384,16384,4,0,0.00187262,16384,0,0,0,8536064,2401384,146,10391311361299390019,0,842500,882167,750208
baseline,a53475284915b997e8c9f696afdae1044a51b1f0,ascending,20260920,16384,16384,4,0,0.00577229,16384,0,0,0,8683520,2599359,158,10391311361299390019,0,5992542,5604958,5472667
candidate,candidate-path-once,ascending,20260920,16384,16384,4,0,0.00195121,16384,0,0,0,8536064,2401384,146,10391311361299390019,0,838833,866042,785708
baseline,a53475284915b997e8c9f696afdae1044a51b1f0,ascending,20260920,16384,16384,4,0,0.00316871,16384,0,0,0,8847360,2599575,158,10391311361299390019,0,5602500,5686333,5898333
candidate,candidate-path-once,ascending,20260920,16384,16384,4,0,0.00363317,16384,0,0,0,8470528,2401384,146,10391311361299390019,0,841916,872459,794166
baseline,a53475284915b997e8c9f696afdae1044a51b1f0,ascending,20260920,16384,16384,4,0,0.00799462,16384,0,0,0,8683520,2599730,158,10391311361299390019,0,5790375,6113125,5735625
candidate,candidate-path-once,ascending,20260920,16384,16384,4,0,0.00181712,16384,0,0,0,8536064,2401384,146,10391311361299390019,0,784292,838958,802333
baseline,a53475284915b997e8c9f696afdae1044a51b1f0,ascending,20260920,16384,16384,4,0,0.005283,16384,0,0,0,8929280,2598208,158,10391311361299390019,0,5913125,5970042,6211250
candidate,candidate-path-once,ascending,20260920,16384,16384,4,0,0.0041865,16384,0,0,0,8503296,2401384,146,10391311361299390019,0,846708,928584,818875
baseline,a53475284915b997e8c9f696afdae1044a51b1f0,ascending,20260920,16384,16384,8,0,0.0108723,16384,0,0,0,8749056,2600452,158,10391311361299390019,0,6112750,5981000,6221708
candidate,candidate-path-once,ascending,20260920,16384,16384,8,0,0.00346867,16384,0,0,0,8667136,2401384,146,10391311361299390019,0,883209,969458,825958
baseline,a53475284915b997e8c9f696afdae1044a51b1f0,ascending,20260920,16384,16384,8,0,0.00954771,16384,0,0,0,8896512,2599584,158,10391311361299390019,0,6061334,5842416,5908667
candidate,candidate-path-once,ascending,20260920,16384,16384,8,0,0.00460646,16384,0,0,0,8536064,2401384,146,10391311361299390019,0,888208,1011875,821959
baseline,a53475284915b997e8c9f696afdae1044a51b1f0,ascending,20260920,16384,16384,8,0,0.0133115,16384,0,0,0,8765440,2598136,158,10391311361299390019,0,6076000,5802375,6055042
candidate,candidate-path-once,ascending,20260920,16384,16384,8,0,0.00479454,16384,0,0,0,8503296,2401384,146,10391311361299390019,0,949250,956750,827458
baseline,a53475284915b997e8c9f696afdae1044a51b1f0,ascending,20260920,16384,16384,8,0,0.011201,16384,0,0,0,8863744,2599032,158,10391311361299390019,0,5933458,6304292,5781916
candidate,candidate-path-once,ascending,20260920,16384,16384,8,0,0.00314083,16384,0,0,0,8634368,2401384,146,10391311361299390019,0,800417,862708,879708
baseline,a53475284915b997e8c9f696afdae1044a51b1f0,ascending,20260920,16384,16384,8,0,0.011497,16384,0,0,0,8749056,2599521,158,10391311361299390019,0,5585959,5430666,5474667
candidate,candidate-path-once,ascending,20260920,16384,16384,8,0,0.00427271,16384,0,0,0,8716288,2401384,146,10391311361299390019,0,865583,918500,799042
baseline,a53475284915b997e8c9f696afdae1044a51b1f0,random,20260920,16384,16384,1,0,0.00317929,16384,0,0,0,8454144,2485205,151,10391311361299390019,0,5892917,5908167,5758166
candidate,candidate-path-once,random,20260920,16384,16384,1,0,0.0046365,16384,0,0,0,8290304,2401384,146,10391311361299390019,0,1064542,1084583,891875
baseline,a53475284915b997e8c9f696afdae1044a51b1f0,random,20260920,16384,16384,1,0,0.00342025,16384,0,0,0,8421376,2485205,151,10391311361299390019,0,6331833,6618334,6173916
candidate,candidate-path-once,random,20260920,16384,16384,1,0,0.00414058,16384,0,0,0,8273920,2401384,146,10391311361299390019,0,1049916,999917,856208
baseline,a53475284915b997e8c9f696afdae1044a51b1f0,random,20260920,16384,16384,1,0,0.00334233,16384,0,0,0,8421376,2485205,151,10391311361299390019,0,7157209,6156833,6402750
candidate,candidate-path-once,random,20260920,16384,16384,1,0,0.00441962,16384,0,0,0,8290304,2401384,146,10391311361299390019,0,867208,1070292,828625
baseline,a53475284915b997e8c9f696afdae1044a51b1f0,random,20260920,16384,16384,1,0,0.00343071,16384,0,0,0,8437760,2485205,151,10391311361299390019,0,6652500,5830167,5653958
candidate,candidate-path-once,random,20260920,16384,16384,1,0,0.00407563,16384,0,0,0,8306688,2401384,146,10391311361299390019,0,821458,987750,863208
baseline,a53475284915b997e8c9f696afdae1044a51b1f0,random,20260920,16384,16384,1,0,0.00340171,16384,0,0,0,8454144,2485205,151,10391311361299390019,0,6799333,6204917,6378833
candidate,candidate-path-once,random,20260920,16384,16384,1,0,0.00418346,16384,0,0,0,8257536,2401384,146,10391311361299390019,0,870625,833125,831292
baseline,a53475284915b997e8c9f696afdae1044a51b1f0,random,20260920,16384,16384,4,0,0.00426225,16384,0,0,0,8667136,2602510,158,10391311361299390019,0,6497042,5608583,5755250
candidate,candidate-path-once,random,20260920,16384,16384,4,0,0.00354617,16384,0,0,0,8601600,2401384,146,10391311361299390019,0,1055709,980541,835750
baseline,a53475284915b997e8c9f696afdae1044a51b1f0,random,20260920,16384,16384,4,0,0.00300692,16384,0,0,0,8830976,2604564,158,10391311361299390019,0,6563125,6290958,6093167
candidate,candidate-path-once,random,20260920,16384,16384,4,0,0.00308867,16384,0,0,0,8585216,2401384,146,10391311361299390019,0,898208,845375,815292
baseline,a53475284915b997e8c9f696afdae1044a51b1f0,random,20260920,16384,16384,4,0,0.006741,16384,0,0,0,8798208,2602636,158,10391311361299390019,0,6406666,5672084,5946625
candidate,candidate-path-once,random,20260920,16384,16384,4,0,0.00173242,16384,0,0,0,8634368,2401384,146,10391311361299390019,0,843417,903166,766167
baseline,a53475284915b997e8c9f696afdae1044a51b1f0,random,20260920,16384,16384,4,0,0.00360508,16384,0,0,0,8880128,2605133,159,10391311361299390019,0,5844958,5660333,5633209
candidate,candidate-path-once,random,20260920,16384,16384,4,0,0.00208754,16384,0,0,0,8536064,2401384,146,10391311361299390019,0,932709,963750,852416
baseline,a53475284915b997e8c9f696afdae1044a51b1f0,random,20260920,16384,16384,4,0,0.00323092,16384,0,0,0,8962048,2604356,158,10391311361299390019,0,6398458,6155584,6154250
candidate,candidate-path-once,random,20260920,16384,16384,4,0,0.00310804,16384,0,0,0,8601600,2401384,146,10391311361299390019,0,1192709,991208,880458
baseline,a53475284915b997e8c9f696afdae1044a51b1f0,random,20260920,16384,16384,8,0,0.00892138,16384,0,0,0,8765440,2603124,158,10391311361299390019,0,6599000,6084916,6579167
candidate,candidate-path-once,random,20260920,16384,16384,8,0,0.00448025,16384,0,0,0,8519680,2401384,146,10391311361299390019,0,1225625,1059416,899334
baseline,a53475284915b997e8c9f696afdae1044a51b1f0,random,20260920,16384,16384,8,0,0.0100769,16384,0,0,0,8798208,2601548,158,10391311361299390019,0,6234167,5723417,5564541
candidate,candidate-path-once,random,20260920,16384,16384,8,0,0.00473279,16384,0,0,0,8568832,2401384,146,10391311361299390019,0,823958,866875,788459
baseline,a53475284915b997e8c9f696afdae1044a51b1f0,random,20260920,16384,16384,8,0,0.0141313,16384,0,0,0,8781824,2602324,158,10391311361299390019,0,5705166,6766792,6233000
candidate,candidate-path-once,random,20260920,16384,16384,8,0,0.00465392,16384,0,0,0,8634368,2401384,146,10391311361299390019,0,1143583,1083125,784834
baseline,a53475284915b997e8c9f696afdae1044a51b1f0,random,20260920,16384,16384,8,0,0.0142114,16384,0,0,0,8765440,2604419,158,10391311361299390019,0,6698167,5797625,5917666
candidate,candidate-path-once,random,20260920,16384,16384,8,0,0.00258875,16384,0,0,0,8716288,2401384,146,10391311361299390019,0,973750,932417,801500
baseline,a53475284915b997e8c9f696afdae1044a51b1f0,random,20260920,16384,16384,8,0,0.0103682,16384,0,0,0,8749056,2601878,158,10391311361299390019,0,6396125,5985709,5749958
candidate,candidate-path-once,random,20260920,16384,16384,8,0,0.00410021,16384,0,0,0,8519680,2401384,146,10391311361299390019,0,881083,843708,816542
baseline,a53475284915b997e8c9f696afdae1044a51b1f0,versions,20260920,16384,16384,1,0,0.00387846,16384,0,0,0,8847360,2885454,176,4006942161777933379,0,5810250,5608083,5793375
candidate,candidate-path-once,versions,20260920,16384,16384,1,0,0.00361146,16384,0,0,0,8290304,2401384,146,4006942161777933379,0,882167,918708,755709
baseline,a53475284915b997e8c9f696afdae1044a51b1f0,versions,20260920,16384,16384,1,0,0.00368246,16384,0,0,0,8830976,2885454,176,4006942161777933379,0,5963625,5856250,5829042
candidate,candidate-path-once,versions,20260920,16384,16384,1,0,0.00378992,16384,0,0,0,8290304,2401384,146,4006942161777933379,0,833708,887709,811833
baseline,a53475284915b997e8c9f696afdae1044a51b1f0,versions,20260920,16384,16384,1,0,0.00370813,16384,0,0,0,8863744,2885454,176,4006942161777933379,0,6305833,6404125,5769583
candidate,candidate-path-once,versions,20260920,16384,16384,1,0,0.00370608,16384,0,0,0,8306688,2401384,146,4006942161777933379,0,878375,915917,797333
baseline,a53475284915b997e8c9f696afdae1044a51b1f0,versions,20260920,16384,16384,1,0,0.00388521,16384,0,0,0,8863744,2885454,176,4006942161777933379,0,5587334,5631166,5760125
candidate,candidate-path-once,versions,20260920,16384,16384,1,0,0.00356604,16384,0,0,0,8273920,2401384,146,4006942161777933379,0,921708,921667,780667
baseline,a53475284915b997e8c9f696afdae1044a51b1f0,versions,20260920,16384,16384,1,0,0.00361254,16384,0,0,0,8847360,2885454,176,4006942161777933379,0,5830542,5856416,5430000
candidate,candidate-path-once,versions,20260920,16384,16384,1,0,0.00371879,16384,0,0,0,8273920,2401384,146,4006942161777933379,0,818625,908709,755500
baseline,a53475284915b997e8c9f696afdae1044a51b1f0,versions,20260920,16384,16384,4,0,0.00421412,16384,0,0,0,9125888,3029111,184,4006942161777933379,0,5912042,5606375,5790792
candidate,candidate-path-once,versions,20260920,16384,16384,4,0,0.00180338,16384,0,0,0,8552448,2401384,146,4006942161777933379,0,871417,892958,786542
baseline,a53475284915b997e8c9f696afdae1044a51b1f0,versions,20260920,16384,16384,4,0,0.00514379,16384,0,0,0,9142272,3033341,185,4006942161777933379,0,5790167,5892083,5612500
candidate,candidate-path-once,versions,20260920,16384,16384,4,0,0.00225817,16384,0,0,0,8568832,2401384,146,4006942161777933379,0,855792,870292,818791
baseline,a53475284915b997e8c9f696afdae1044a51b1f0,versions,20260920,16384,16384,4,0,0.00514238,16384,0,0,0,9125888,3029606,184,4006942161777933379,0,5855541,5818459,6217166
candidate,candidate-path-once,versions,20260920,16384,16384,4,0,0.00178021,16384,0,0,0,8617984,2401384,146,4006942161777933379,0,915708,869500,797667
baseline,a53475284915b997e8c9f696afdae1044a51b1f0,versions,20260920,16384,16384,4,0,0.00465213,16384,0,0,0,9125888,3029601,184,4006942161777933379,0,5604000,5423125,5566875
candidate,candidate-path-once,versions,20260920,16384,16384,4,0,0.00291633,16384,0,0,0,8601600,2401384,146,4006942161777933379,0,950375,868625,773250
baseline,a53475284915b997e8c9f696afdae1044a51b1f0,versions,20260920,16384,16384,4,0,0.00372942,16384,0,0,0,9093120,3030057,184,4006942161777933379,0,5657667,5780833,5720375
candidate,candidate-path-once,versions,20260920,16384,16384,4,0,0.00294946,16384,0,0,0,8699904,2401384,146,4006942161777933379,0,884833,891292,806125
baseline,a53475284915b997e8c9f696afdae1044a51b1f0,versions,20260920,16384,16384,8,0,0.013885,16384,0,0,0,9158656,3028723,184,4006942161777933379,0,5585667,5438083,5526709
candidate,candidate-path-once,versions,20260920,16384,16384,8,0,0.0044675,16384,0,0,0,8716288,2401384,146,4006942161777933379,0,847416,910334,798125
baseline,a53475284915b997e8c9f696afdae1044a51b1f0,versions,20260920,16384,16384,8,0,0.0103225,16384,0,0,0,9093120,3028749,184,4006942161777933379,0,6183958,6927792,5727500
candidate,candidate-path-once,versions,20260920,16384,16384,8,0,0.00498233,16384,0,0,0,8486912,2401384,146,4006942161777933379,0,1186375,1130208,851959
baseline,a53475284915b997e8c9f696afdae1044a51b1f0,versions,20260920,16384,16384,8,0,0.011635,16384,0,0,0,9273344,3028278,184,4006942161777933379,0,7636875,6336416,6569542
candidate,candidate-path-once,versions,20260920,16384,16384,8,0,0.003706,16384,0,0,0,8732672,2401384,146,4006942161777933379,0,1176125,1087375,913125
baseline,a53475284915b997e8c9f696afdae1044a51b1f0,versions,20260920,16384,16384,8,0,0.0123175,16384,0,0,0,9191424,3026755,184,4006942161777933379,0,6963167,6432833,6060708
candidate,candidate-path-once,versions,20260920,16384,16384,8,0,0.00488537,16384,0,0,0,8503296,2401384,146,4006942161777933379,0,2010250,1120250,861875
baseline,a53475284915b997e8c9f696afdae1044a51b1f0,versions,20260920,16384,16384,8,0,0.0120427,16384,0,0,0,9175040,3024191,184,4006942161777933379,0,7043000,6512500,6284834
candidate,candidate-path-once,versions,20260920,16384,16384,8,0,0.00480938,16384,0,0,0,8585216,2401384,146,4006942161777933379,0,1282375,986250,929667
baseline,a53475284915b997e8c9f696afdae1044a51b1f0,ascending,20260920,131072,131072,1,0,0.0277666,131072,0,0,0,27033600,19818520,151,454339457082336225,0,52588500,51873541,51730375
candidate,candidate-path-once,ascending,20260920,131072,131072,1,0,0.0295669,131072,0,0,0,26116096,19211368,146,454339457082336225,0,7030750,8059375,6669167
baseline,a53475284915b997e8c9f696afdae1044a51b1f0,ascending,20260920,131072,131072,1,0,0.02916,131072,0,0,0,27049984,19818520,151,454339457082336225,0,48551708,47878875,48566625
candidate,candidate-path-once,ascending,20260920,131072,131072,1,0,0.027618,131072,0,0,0,26083328,19211368,146,454339457082336225,0,6790041,6929792,6087917
baseline,a53475284915b997e8c9f696afdae1044a51b1f0,ascending,20260920,131072,131072,1,0,0.0261559,131072,0,0,0,27017216,19818520,151,454339457082336225,0,47990291,48526709,48581583
candidate,candidate-path-once,ascending,20260920,131072,131072,1,0,0.0285318,131072,0,0,0,26116096,19211368,146,454339457082336225,0,7469375,7262333,6381000
baseline,a53475284915b997e8c9f696afdae1044a51b1f0,ascending,20260920,131072,131072,1,0,0.0263413,131072,0,0,0,27017216,19818520,151,454339457082336225,0,48964416,48280542,48063208
candidate,candidate-path-once,ascending,20260920,131072,131072,1,0,0.0280721,131072,0,0,0,26083328,19211368,146,454339457082336225,0,6969875,7391000,6495500
baseline,a53475284915b997e8c9f696afdae1044a51b1f0,ascending,20260920,131072,131072,1,0,0.0262307,131072,0,0,0,26984448,19818520,151,454339457082336225,0,47490875,48893583,49069459
candidate,candidate-path-once,ascending,20260920,131072,131072,1,0,0.027891,131072,0,0,0,26083328,19211368,146,454339457082336225,0,7188542,7736458,6778709
baseline,a53475284915b997e8c9f696afdae1044a51b1f0,ascending,20260920,131072,131072,4,0,0.0657179,131072,0,0,0,28131328,20775502,158,454339457082336225,0,53308750,51862500,49291750
candidate,candidate-path-once,ascending,20260920,131072,131072,4,0,0.0536051,131072,0,0,0,26394624,19211368,146,454339457082336225,0,8469459,10744541,8783584
baseline,a53475284915b997e8c9f696afdae1044a51b1f0,ascending,20260920,131072,131072,4,0,0.0618988,131072,0,0,0,28131328,20773038,158,454339457082336225,0,50111500,48697750,48255416
candidate,candidate-path-once,ascending,20260920,131072,131072,4,0,0.0147877,131072,0,0,0,26492928,19211368,146,454339457082336225,0,6609792,8176041,6339917
baseline,a53475284915b997e8c9f696afdae1044a51b1f0,ascending,20260920,131072,131072,4,0,0.0252352,131072,0,0,0,28262400,20780900,158,454339457082336225,0,49881750,54112791,52881000
candidate,candidate-path-once,ascending,20260920,131072,131072,4,0,0.0252659,131072,0,0,0,26525696,19211368,146,454339457082336225,0,6962750,9398042,7494583
baseline,a53475284915b997e8c9f696afdae1044a51b1f0,ascending,20260920,131072,131072,4,0,0.0619318,131072,0,0,0,28295168,20780962,158,454339457082336225,0,53099291,51158084,52143791
candidate,candidate-path-once,ascending,20260920,131072,131072,4,0,0.0163456,131072,0,0,0,26460160,19211368,146,454339457082336225,0,6930333,8776000,6511042
baseline,a53475284915b997e8c9f696afdae1044a51b1f0,ascending,20260920,131072,131072,4,0,0.0312521,131072,0,0,0,28344320,20774673,158,454339457082336225,0,49567000,49577583,48030875
candidate,candidate-path-once,ascending,20260920,131072,131072,4,0,0.0138751,131072,0,0,0,26361856,19211368,146,454339457082336225,0,6684458,8185042,6987667
baseline,a53475284915b997e8c9f696afdae1044a51b1f0,ascending,20260920,131072,131072,8,0,0.112322,131072,0,0,0,28065792,20788784,158,454339457082336225,0,47651416,47226792,46980917
candidate,candidate-path-once,ascending,20260920,131072,131072,8,0,0.0253549,131072,0,0,0,26394624,19211368,146,454339457082336225,0,6291667,7582250,6133208
baseline,a53475284915b997e8c9f696afdae1044a51b1f0,ascending,20260920,131072,131072,8,0,0.101306,131072,0,0,0,28196864,20780414,158,454339457082336225,0,48956167,64138541,55096709
candidate,candidate-path-once,ascending,20260920,131072,131072,8,0,0.0303911,131072,0,0,0,26427392,19211368,146,454339457082336225,0,7232709,9274416,7149542
baseline,a53475284915b997e8c9f696afdae1044a51b1f0,ascending,20260920,131072,131072,8,0,0.0736401,131072,0,0,0,28147712,20784782,158,454339457082336225,0,52895792,51181750,50546541
candidate,candidate-path-once,ascending,20260920,131072,131072,8,0,0.035934,131072,0,0,0,26542080,19211368,146,454339457082336225,0,7649500,9446000,7811417
baseline,a53475284915b997e8c9f696afdae1044a51b1f0,ascending,20260920,131072,131072,8,0,0.0788885,131072,0,0,0,28164096,20779483,158,454339457082336225,0,53347291,52508417,49456042
candidate,candidate-path-once,ascending,20260920,131072,131072,8,0,0.0230183,131072,0,0,0,26607616,19211368,146,454339457082336225,0,6637917,8090416,6552167
baseline,a53475284915b997e8c9f696afdae1044a51b1f0,ascending,20260920,131072,131072,8,0,0.102175,131072,0,0,0,28327936,20786082,158,454339457082336225,0,54184791,53971167,53403875
candidate,candidate-path-once,ascending,20260920,131072,131072,8,0,0.033734,131072,0,0,0,26607616,19211368,146,454339457082336225,0,7378125,9985250,7064208
baseline,a53475284915b997e8c9f696afdae1044a51b1f0,random,20260920,131072,131072,1,0,0.0306071,131072,0,0,0,27000832,19872033,151,454339457082336225,0,71292375,59824083,55289417
candidate,candidate-path-once,random,20260920,131072,131072,1,0,0.0588466,131072,0,0,0,26083328,19211368,146,454339457082336225,0,18903959,22513750,16549375
baseline,a53475284915b997e8c9f696afdae1044a51b1f0,random,20260920,131072,131072,1,0,0.0303452,131072,0,0,0,26968064,19872033,151,454339457082336225,0,71611792,68849583,73302750
candidate,candidate-path-once,random,20260920,131072,131072,1,0,0.0510868,131072,0,0,0,26066944,19211368,146,454339457082336225,0,13073250,18710208,13510292
baseline,a53475284915b997e8c9f696afdae1044a51b1f0,random,20260920,131072,131072,1,0,0.0298622,131072,0,0,0,27000832,19872033,151,454339457082336225,0,72001750,70237000,58969208
candidate,candidate-path-once,random,20260920,131072,131072,1,0,0.0449374,131072,0,0,0,26083328,19211368,146,454339457082336225,0,10985125,9766958,8106667
baseline,a53475284915b997e8c9f696afdae1044a51b1f0,random,20260920,131072,131072,1,0,0.0276345,131072,0,0,0,26968064,19872033,151,454339457082336225,0,61204708,54810333,52205375
candidate,candidate-path-once,random,20260920,131072,131072,1,0,0.0398711,131072,0,0,0,26116096,19211368,146,454339457082336225,0,9536500,7869000,6346042
baseline,a53475284915b997e8c9f696afdae1044a51b1f0,random,20260920,131072,131072,1,0,0.0265549,131072,0,0,0,26984448,19872033,151,454339457082336225,0,58332542,52816083,58060958
candidate,candidate-path-once,random,20260920,131072,131072,1,0,0.0427756,131072,0,0,0,26099712,19211368,146,454339457082336225,0,9957000,9531292,9455083
baseline,a53475284915b997e8c9f696afdae1044a51b1f0,random,20260920,131072,131072,4,0,0.0298464,131072,0,0,0,28164096,20808816,158,454339457082336225,0,66751875,62807292,56287250
candidate,candidate-path-once,random,20260920,131072,131072,4,0,0.0194117,131072,0,0,0,26378240,19211368,146,454339457082336225,0,11673875,10686583,10742917
baseline,a53475284915b997e8c9f696afdae1044a51b1f0,random,20260920,131072,131072,4,0,0.0285397,131072,0,0,0,28246016,20814925,158,454339457082336225,0,58422500,54395584,55334958
candidate,candidate-path-once,random,20260920,131072,131072,4,0,0.0153104,131072,0,0,0,26476544,19211368,146,454339457082336225,0,11720291,12677750,8905167
baseline,a53475284915b997e8c9f696afdae1044a51b1f0,random,20260920,131072,131072,4,0,0.0418198,131072,0,0,0,28114944,20813113,158,454339457082336225,0,57614917,67494000,70117208
candidate,candidate-path-once,random,20260920,131072,131072,4,0,0.0353917,131072,0,0,0,26263552,19211368,146,454339457082336225,0,20063166,22057542,17542708
baseline,a53475284915b997e8c9f696afdae1044a51b1f0,random,20260920,131072,131072,4,0,0.0701266,131072,0,0,0,28098560,20810801,158,454339457082336225,0,58478167,54245833,54803917
candidate,candidate-path-once,random,20260920,131072,131072,4,0,0.0370952,131072,0,0,0,26361856,19211368,146,454339457082336225,0,19363083,24356625,17160959
baseline,a53475284915b997e8c9f696afdae1044a51b1f0,random,20260920,131072,131072,4,0,0.0405126,131072,0,0,0,28229632,20814822,158,454339457082336225,0,70783667,70020042,70220833
candidate,candidate-path-once,random,20260920,131072,131072,4,0,0.0332124,131072,0,0,0,26394624,19211368,146,454339457082336225,0,15893792,14897667,10253416
baseline,a53475284915b997e8c9f696afdae1044a51b1f0,random,20260920,131072,131072,8,0,0.0944409,131072,0,0,0,28164096,20813085,158,454339457082336225,0,57517500,55698041,53783167
candidate,candidate-path-once,random,20260920,131072,131072,8,0,0.0269242,131072,0,0,0,26607616,19211368,146,454339457082336225,0,9733458,8106375,6790125
baseline,a53475284915b997e8c9f696afdae1044a51b1f0,random,20260920,131072,131072,8,0,0.0932889,131072,0,0,0,28213248,20817893,158,454339457082336225,0,69563792,68529167,63866208
candidate,candidate-path-once,random,20260920,131072,131072,8,0,0.0353783,131072,0,0,0,26378240,19211368,146,454339457082336225,0,14028083,11828333,7384250
baseline,a53475284915b997e8c9f696afdae1044a51b1f0,random,20260920,131072,131072,8,0,0.0999247,131072,0,0,0,28164096,20811925,158,454339457082336225,0,69449292,66257375,69694000
candidate,candidate-path-once,random,20260920,131072,131072,8,0,0.0378663,131072,0,0,0,26427392,19211368,146,454339457082336225,0,18148333,23663417,17459250
baseline,a53475284915b997e8c9f696afdae1044a51b1f0,random,20260920,131072,131072,8,0,0.0999818,131072,0,0,0,28098560,20806477,158,454339457082336225,0,54943958,52737042,51671208
candidate,candidate-path-once,random,20260920,131072,131072,8,0,0.0381177,131072,0,0,0,26558464,19211368,146,454339457082336225,0,15203500,13187542,12209291
baseline,a53475284915b997e8c9f696afdae1044a51b1f0,random,20260920,131072,131072,8,0,0.138597,131072,0,0,0,28131328,20807374,158,454339457082336225,0,54539792,51943708,55019375
candidate,candidate-path-once,random,20260920,131072,131072,8,0,0.0265768,131072,0,0,0,26492928,19211368,146,454339457082336225,0,13371542,10900000,9994166
baseline,a53475284915b997e8c9f696afdae1044a51b1f0,versions,20260920,131072,131072,1,0,0.0308565,131072,0,0,0,28868608,21847986,166,4785945059249892485,0,55547667,56073000,56355875
candidate,candidate-path-once,versions,20260920,131072,131072,1,0,0.0327566,131072,0,0,0,26066944,19211368,146,4785945059249892485,0,7943709,10522916,8365000
baseline,a53475284915b997e8c9f696afdae1044a51b1f0,versions,20260920,131072,131072,1,0,0.0322325,131072,0,0,0,28852224,21847986,166,4785945059249892485,0,55271416,54170584,53268750
candidate,candidate-path-once,versions,20260920,131072,131072,1,0,0.0319427,131072,0,0,0,26116096,19211368,146,4785945059249892485,0,12525959,17245333,13895250
baseline,a53475284915b997e8c9f696afdae1044a51b1f0,versions,20260920,131072,131072,1,0,0.0323276,131072,0,0,0,28884992,21847986,166,4785945059249892485,0,58210250,50218334,48097916
candidate,candidate-path-once,versions,20260920,131072,131072,1,0,0.0295923,131072,0,0,0,26083328,19211368,146,4785945059249892485,0,7394750,10406042,8892458
baseline,a53475284915b997e8c9f696afdae1044a51b1f0,versions,20260920,131072,131072,1,0,0.0315371,131072,0,0,0,28852224,21847986,166,4785945059249892485,0,62610750,61651541,56362375
candidate,candidate-path-once,versions,20260920,131072,131072,1,0,0.0318117,131072,0,0,0,26083328,19211368,146,4785945059249892485,0,11679000,15785584,9890250
baseline,a53475284915b997e8c9f696afdae1044a51b1f0,versions,20260920,131072,131072,1,0,0.0301165,131072,0,0,0,28852224,21847986,166,4785945059249892485,0,51444208,61918125,62186792
candidate,candidate-path-once,versions,20260920,131072,131072,1,0,0.0327836,131072,0,0,0,26099712,19211368,146,4785945059249892485,0,14695917,20553333,15286458
baseline,a53475284915b997e8c9f696afdae1044a51b1f0,versions,20260920,131072,131072,4,0,0.0741517,131072,0,0,0,30146560,23007744,175,4785945059249892485,0,100012291,58223250,59655625
candidate,candidate-path-once,versions,20260920,131072,131072,4,0,0.0167062,131072,0,0,0,26509312,19211368,146,4785945059249892485,0,17278833,19205292,14888917
baseline,a53475284915b997e8c9f696afdae1044a51b1f0,versions,20260920,131072,131072,4,0,0.0330922,131072,0,0,0,30228480,23006885,175,4785945059249892485,0,57701250,56780250,56547166
candidate,candidate-path-once,versions,20260920,131072,131072,4,0,0.0147196,131072,0,0,0,26492928,19211368,146,4785945059249892485,0,14207458,18586333,12180667
baseline,a53475284915b997e8c9f696afdae1044a51b1f0,versions,20260920,131072,131072,4,0,0.0421436,131072,0,0,0,30228480,23004993,175,4785945059249892485,0,58767417,57587833,59414417
candidate,candidate-path-once,versions,20260920,131072,131072,4,0,0.0164438,131072,0,0,0,26361856,19211368,146,4785945059249892485,0,16838750,16527708,14123958
baseline,a53475284915b997e8c9f696afdae1044a51b1f0,versions,20260920,131072,131072,4,0,0.0338477,131072,0,0,0,30179328,23007257,175,4785945059249892485,0,54109750,54695125,55993458
candidate,candidate-path-once,versions,20260920,131072,131072,4,0,0.0158266,131072,0,0,0,26411008,19211368,146,4785945059249892485,0,15703000,13119000,7808500
baseline,a53475284915b997e8c9f696afdae1044a51b1f0,versions,20260920,131072,131072,4,0,0.0443865,131072,0,0,0,30146560,23006375,175,4785945059249892485,0,54324209,53588666,53478125
candidate,candidate-path-once,versions,20260920,131072,131072,4,0,0.015695,131072,0,0,0,26427392,19211368,146,4785945059249892485,0,14562750,17446041,14708042
baseline,a53475284915b997e8c9f696afdae1044a51b1f0,versions,20260920,131072,131072,8,0,0.100444,131072,0,0,0,30162944,23001841,175,4785945059249892485,0,57254792,55792208,54158167
candidate,candidate-path-once,versions,20260920,131072,131072,8,0,0.0283286,131072,0,0,0,26460160,19211368,146,4785945059249892485,0,14095875,13228833,11598250
baseline,a53475284915b997e8c9f696afdae1044a51b1f0,versions,20260920,131072,131072,8,0,0.110545,131072,0,0,0,30195712,23004165,175,4785945059249892485,0,52341542,49311250,55131083
candidate,candidate-path-once,versions,20260920,131072,131072,8,0,0.0224271,131072,0,0,0,26411008,19211368,146,4785945059249892485,0,15808417,10094917,7448833
baseline,a53475284915b997e8c9f696afdae1044a51b1f0,versions,20260920,131072,131072,8,0,0.112488,131072,0,0,0,30146560,23001432,175,4785945059249892485,0,51414500,49275708,51059584
candidate,candidate-path-once,versions,20260920,131072,131072,8,0,0.0257977,131072,0,0,0,26607616,19211368,146,4785945059249892485,0,16031333,15609125,14006333
baseline,a53475284915b997e8c9f696afdae1044a51b1f0,versions,20260920,131072,131072,8,0,0.0959917,131072,0,0,0,30244864,22999788,175,4785945059249892485,0,63064125,62853166,57416584
candidate,candidate-path-once,versions,20260920,131072,131072,8,0,0.0254933,131072,0,0,0,26558464,19211368,146,4785945059249892485,0,15238542,15924416,15126000
baseline,a53475284915b997e8c9f696afdae1044a51b1f0,versions,20260920,131072,131072,8,0,0.0967047,131072,0,0,0,30146560,23001982,175,4785945059249892485,0,52602083,54943667,52733583
candidate,candidate-path-once,versions,20260920,131072,131072,8,0,0.0270132,131072,0,0,0,26443776,19211368,146,4785945059249892485,0,11804333,9881334,8364083
